,PClass,Fare,Age,Female,Male,C,S
0,-1.5841041815748111,2.4305968283539063,-0.5801944961987288,1.0,0.0,0.0,1.0
1,0.8122746973607008,-0.35813532556724015,-0.08495982970522727,1.0,0.0,1.0,0.0
2,0.8122746973607008,-0.49094894917483384,0.18170499071435048,0.0,1.0,0.0,1.0
3,0.8122746973607008,0.7625950615489857,-0.08495982970522727,1.0,0.0,0.0,1.0
4,0.8122746973607008,0.3018604271815291,-1.1897140857291921,0.0,1.0,0.0,1.0
5,0.8122746973607008,-0.01597527533465233,-2.1039934700248875,1.0,0.0,0.0,1.0
6,0.8122746973607008,-0.4915429205356961,-0.5801944961987288,0.0,1.0,0.0,1.0
7,0.8122746973607008,-0.4915429205356961,-0.12305480405088122,0.0,1.0,0.0,1.0
8,0.8122746973607008,-0.4915429205356961,-0.08495982970522727,0.0,1.0,0.0,1.0
9,-1.5841041815748111,0.06996749862572317,-0.08495982970522727,0.0,1.0,0.0,1.0
10,-0.3859147421070552,-0.6521552174910411,-0.08495982970522727,0.0,1.0,0.0,1.0
11,-0.3859147421070552,-0.12327660850411516,0.5626547341708901,0.0,1.0,0.0,1.0
12,0.8122746973607008,-0.1792156921469631,-0.08495982970522727,0.0,1.0,0.0,0.0
13,0.8122746973607008,-0.3368622005949891,-0.08495982970522727,0.0,1.0,0.0,0.0
14,0.8122746973607008,-0.49374590335697627,-0.08495982970522727,1.0,0.0,0.0,0.0
15,-0.3859147421070552,-0.3775451705170603,1.705503964540509,0.0,1.0,0.0,1.0
16,0.8122746973607008,-0.520020999481146,-0.8849542909639605,0.0,1.0,0.0,1.0
17,-1.5841041815748111,-0.11208879177554557,2.4674034514535887,0.0,1.0,0.0,1.0
18,0.8122746973607008,-0.49917097739608446,-0.5801944961987288,0.0,1.0,0.0,1.0
19,0.8122746973607008,-0.5051025544107225,-1.2659040344205001,1.0,0.0,1.0,0.0
20,-1.5841041815748111,0.42797763393995,-0.19924475274218914,0.0,1.0,0.0,1.0
21,0.8122746973607008,-0.13412472243383547,-0.08495982970522727,1.0,0.0,0.0,1.0
22,0.8122746973607008,-0.013686858276535808,-2.0278035213335794,0.0,1.0,0.0,1.0
23,0.8122746973607008,-0.4759471040160701,0.029325093331734626,1.0,0.0,0.0,1.0
24,-1.5841041815748111,0.039878374071359315,1.3245542210839694,0.0,1.0,0.0,1.0
25,0.8122746973607008,-0.5072221371436624,0.8674145289361218,0.0,1.0,0.0,1.0
26,0.8122746973607008,-0.4759471040160701,-0.9611442396552684,0.0,1.0,0.0,1.0
27,-1.5841041815748111,0.4056020004828108,1.4007441697752774,0.0,1.0,0.0,1.0
28,0.8122746973607008,-0.4917117548608727,-0.2754347014334971,0.0,1.0,0.0,1.0
29,0.8122746973607008,-0.35805192547889986,-0.08495982970522727,0.0,1.0,1.0,0.0
30,-1.5841041815748111,1.0394080913442467,-0.42781459881611295,1.0,0.0,1.0,0.0
31,-1.5841041815748111,-0.11208879177554557,0.41027483678827426,0.0,1.0,1.0,0.0
32,0.8122746973607008,-0.4884062635547044,0.029325093331734626,0.0,1.0,0.0,1.0
33,-1.5841041815748111,1.1785784290021641,1.0959843750100455,0.0,1.0,0.0,0.0
34,0.8122746973607008,-0.49501724616704096,-0.08495982970522727,0.0,1.0,0.0,0.0
35,-1.5841041815748111,0.15336758696596922,-0.08495982970522727,0.0,1.0,1.0,0.0
36,0.8122746973607008,-0.22345842193721557,-2.1039934700248875,0.0,1.0,0.0,1.0
37,-0.3859147421070552,-0.3775451705170603,2.2388336053796647,0.0,1.0,0.0,1.0
38,0.8122746973607008,-0.4948484118418644,-1.0373341883465763,1.0,0.0,0.0,0.0
39,-0.3859147421070552,-0.12327660850411516,0.715034631553506,0.0,1.0,0.0,1.0
40,0.8122746973607008,-0.5046794515235329,-0.08495982970522727,0.0,1.0,0.0,1.0
41,-1.5841041815748111,0.9199873014349987,-0.6563844448900367,0.0,1.0,0.0,1.0
42,0.8122746973607008,-0.4589111103612028,-0.12305480405088122,0.0,1.0,0.0,1.0
43,-0.3859147421070552,-0.3948354327339406,-0.12305480405088122,1.0,0.0,0.0,1.0
44,-1.5841041815748111,0.4056020004828108,-0.08495982970522727,1.0,0.0,0.0,1.0
45,0.8122746973607008,-0.5046794515235329,-0.5801944961987288,1.0,0.0,0.0,1.0
46,-0.3859147421070552,-0.4385696254001672,1.5531240671578932,1.0,0.0,0.0,1.0
47,-0.3859147421070552,-0.6521552174910411,-0.08495982970522727,0.0,1.0,0.0,1.0
48,-1.5841041815748111,-0.11208879177554557,-0.08495982970522727,0.0,1.0,0.0,1.0
49,0.8122746973607008,-0.35813532556724015,-1.1135241370378843,1.0,0.0,1.0,0.0
50,0.8122746973607008,-0.49094894917483384,-0.2754347014334971,1.0,0.0,0.0,1.0
51,-1.5841041815748111,0.4666264553659176,-0.5801944961987288,1.0,0.0,0.0,1.0
52,0.8122746973607008,-0.4969659604263082,-0.08495982970522727,1.0,0.0,0.0,0.0
53,0.8122746973607008,-0.4945087090430151,-0.08495982970522727,0.0,1.0,0.0,0.0
54,0.8122746973607008,-0.4923891263100752,-0.6563844448900367,0.0,1.0,0.0,1.0
55,0.8122746973607008,0.7625950615489857,-0.08495982970522727,0.0,1.0,0.0,1.0
56,0.8122746973607008,-0.16090835568203107,-0.08495982970522727,0.0,1.0,0.0,0.0
57,0.8122746973607008,-0.4945087090430151,-0.08495982970522727,0.0,1.0,0.0,0.0
58,0.8122746973607008,-0.01597527533465233,-1.7992336752596556,1.0,0.0,0.0,1.0
59,-1.5841041815748111,0.5272278073618349,-1.0373341883465763,1.0,0.0,1.0,0.0
60,-0.3859147421070552,-0.3470329430755069,1.3245542210839694,0.0,1.0,0.0,1.0
61,0.8122746973607008,0.1551474669000598,-1.1897140857291921,0.0,1.0,0.0,1.0
62,-0.3859147421070552,-0.12327660850411516,0.9436044776274297,1.0,0.0,0.0,1.0
63,0.8122746973607008,-0.5051879886475588,-0.08495982970522727,0.0,1.0,1.0,0.0
64,-1.5841041815748111,3.9760411482685867,0.6388446828621981,1.0,0.0,1.0,0.0
65,0.8122746973607008,-0.29007678518460717,-0.351624650124805,0.0,1.0,0.0,1.0
66,0.8122746973607008,-0.4571312304271122,2.5435934001448963,1.0,0.0,0.0,1.0
67,-1.5841041815748111,1.652026491470268,2.1626436566883567,0.0,1.0,1.0,0.0
68,0.8122746973607008,-0.4928976634341011,-0.08495982970522727,1.0,0.0,0.0,0.0
69,-0.3859147421070552,-0.3877159129975781,0.029325093331734626,0.0,1.0,0.0,1.0
70,-1.5841041815748111,-0.031739926179454904,1.705503964540509,0.0,1.0,0.0,1.0
71,0.8122746973607008,-0.4690818528417206,-0.5801944961987288,0.0,1.0,0.0,1.0
72,-0.3859147421070552,-0.3877159129975781,0.9436044776274297,0.0,1.0,0.0,1.0
73,0.8122746973607008,-0.4884062635547044,-0.08495982970522727,0.0,1.0,0.0,1.0
74,0.8122746973607008,-0.5051025544107225,-0.5801944961987288,0.0,1.0,1.0,0.0
75,-1.5841041815748111,0.7920902147424874,0.48646478547958216,1.0,0.0,0.0,1.0
76,0.8122746973607008,-0.4915429205356961,-0.8087643422726526,0.0,1.0,0.0,1.0
77,0.8122746973607008,-0.16090835568203107,0.029325093331734626,1.0,0.0,0.0,1.0
78,0.8122746973607008,-0.5705350090848857,-0.7325743935813447,0.0,1.0,1.0,0.0
79,-0.3859147421070552,-0.3877159129975781,0.48646478547958216,1.0,0.0,0.0,1.0
80,-0.3859147421070552,-0.3877159129975781,-0.351624650124805,0.0,1.0,0.0,1.0
81,-0.3859147421070552,-0.3877159129975781,1.4007441697752774,0.0,1.0,0.0,1.0
82,-0.3859147421070552,-0.12327660850411516,0.18170499071435048,0.0,1.0,0.0,1.0
83,0.8122746973607008,-0.50874774851574,0.6388446828621981,0.0,1.0,0.0,1.0
84,0.8122746973607008,-0.4884062635547044,-0.08495982970522727,0.0,1.0,0.0,1.0
85,-1.5841041815748111,-0.031739926179454904,0.18170499071435048,0.0,1.0,1.0,0.0
86,0.8122746973607008,-0.5051879886475588,-0.351624650124805,0.0,1.0,1.0,0.0
87,-1.5841041815748111,0.9517708716866169,0.48646478547958216,0.0,1.0,0.0,1.0
88,-1.5841041815748111,-0.11208879177554557,-0.12305480405088122,0.0,1.0,0.0,1.0
89,-1.5841041815748111,1.1785784290021641,0.41027483678827426,1.0,0.0,0.0,1.0
90,0.8122746973607008,-0.4721330755858759,-0.42781459881611295,1.0,0.0,0.0,1.0
91,0.8122746973607008,-0.49094894917483384,-0.6563844448900367,0.0,1.0,0.0,1.0
92,-0.3859147421070552,-0.08767900982230284,0.48646478547958216,0.0,1.0,0.0,1.0
93,-0.3859147421070552,-0.08827298118316507,-0.0468648553595733,0.0,1.0,1.0,0.0
94,-1.5841041815748111,2.469499918341887,0.6388446828621981,0.0,1.0,0.0,1.0
95,-0.3859147421070552,-0.3877159129975781,0.33408488809696635,0.0,1.0,0.0,1.0
96,0.8122746973607008,-0.4923891263100752,-0.7325743935813447,0.0,1.0,0.0,1.0
97,0.8122746973607008,-0.4833208923144455,-0.8849542909639605,0.0,1.0,0.0,1.0
98,0.8122746973607008,-0.013686858276535808,-1.5706638291857318,0.0,1.0,0.0,1.0
99,0.8122746973607008,-0.260412797665929,-2.199230905889022,1.0,0.0,1.0,0.0
100,0.8122746973607008,-0.4915429205356961,-0.351624650124805,0.0,1.0,0.0,1.0
101,-0.3859147421070552,-0.4385696254001672,0.18170499071435048,0.0,1.0,0.0,1.0
102,0.8122746973607008,-0.3572036855560247,1.3245542210839694,1.0,0.0,0.0,1.0
103,-1.5841041815748111,2.0664842475513687,-0.08495982970522727,1.0,0.0,0.0,1.0
104,-1.5841041815748111,0.9086306503812528,-0.19924475274218914,0.0,1.0,1.0,0.0
105,-1.5841041815748111,-0.11751386581465376,-0.8087643422726526,1.0,0.0,0.0,1.0
106,0.8122746973607008,-0.23464623866578518,-1.5706638291857318,0.0,1.0,0.0,1.0
107,0.8122746973607008,-0.49188058918604927,-0.08495982970522727,1.0,0.0,0.0,0.0
108,0.8122746973607008,-0.4884062635547044,-0.6563844448900367,0.0,1.0,0.0,1.0
109,-1.5841041815748111,-0.08827298118316507,1.0959843750100455,1.0,0.0,1.0,0.0
110,-1.5841041815748111,-0.04801311414828341,2.1626436566883567,0.0,1.0,1.0,0.0
111,-1.5841041815748111,-0.11208879177554557,-0.08495982970522727,0.0,1.0,0.0,1.0
112,0.8122746973607008,-0.49094894917483384,-0.7325743935813447,0.0,1.0,0.0,1.0
113,0.8122746973607008,-0.33194566367990674,-2.180183418716195,1.0,0.0,1.0,0.0
114,0.8122746973607008,-0.4945087090430151,-0.5801944961987288,1.0,0.0,0.0,1.0
115,-1.5841041815748111,-0.02775706342408416,2.0102637593057406,0.0,1.0,1.0,0.0
116,-1.5841041815748111,0.4028050463006683,1.8578838619231248,0.0,1.0,0.0,1.0
117,-0.3859147421070552,-0.3877159129975781,0.33408488809696635,1.0,0.0,0.0,1.0
118,-1.5841041815748111,1.0129641608949005,-1.9516135726422714,0.0,1.0,0.0,1.0
119,0.8122746973607008,0.49705324857063476,0.18170499071435048,0.0,1.0,0.0,1.0
120,-0.3859147421070552,0.1411626959893478,0.7912245802448139,1.0,0.0,0.0,1.0
121,0.8122746973607008,-0.23464623866578518,0.10551504202304256,1.0,0.0,0.0,1.0
122,0.8122746973607008,-0.4996795145201104,0.48646478547958216,0.0,1.0,0.0,1.0
123,0.8122746973607008,-0.49357706903179965,-0.19924475274218914,0.0,1.0,0.0,1.0
124,0.8122746973607008,-0.4985770060352222,-0.08495982970522727,1.0,0.0,0.0,1.0
125,-0.3859147421070552,-0.3877159129975781,-0.19924475274218914,0.0,1.0,0.0,1.0
126,-0.3859147421070552,-0.4385696254001672,1.5531240671578932,1.0,0.0,0.0,1.0
127,-0.3859147421070552,-0.40805739795861373,-0.9611442396552684,1.0,0.0,1.0,0.0
128,-0.3859147421070552,-0.12327660850411516,-0.0468648553595733,1.0,0.0,0.0,1.0
129,-1.5841041815748111,1.2497736263657888,1.705503964540509,1.0,0.0,0.0,1.0
130,0.8122746973607008,0.7625950615489857,-0.08495982970522727,0.0,1.0,0.0,1.0
131,0.8122746973607008,-0.3368622005949891,-0.08495982970522727,1.0,0.0,0.0,0.0
132,-0.3859147421070552,-0.22498403330929323,-0.19924475274218914,1.0,0.0,0.0,1.0
133,-0.3859147421070552,-0.12327660850411516,-0.8087643422726526,1.0,0.0,0.0,1.0
134,0.8122746973607008,-0.16090835568203107,-0.08495982970522727,1.0,0.0,0.0,0.0
135,0.8122746973607008,-0.4948484118418644,-0.6563844448900367,0.0,1.0,0.0,0.0
136,-0.3859147421070552,-0.4385696254001672,-0.6563844448900367,1.0,0.0,0.0,1.0
137,-0.3859147421070552,-0.40093787822225124,0.029325093331734626,1.0,0.0,0.0,0.0
138,0.8122746973607008,-0.3246573096183677,-0.08495982970522727,1.0,0.0,0.0,1.0
139,-1.5841041815748111,0.939905683508845,1.8578838619231248,1.0,0.0,1.0,0.0
140,0.8122746973607008,-0.22345842193721557,-1.6468537778770398,1.0,0.0,0.0,1.0
141,-1.5841041815748111,0.05979675614520536,-0.08495982970522727,0.0,1.0,0.0,1.0
142,0.8122746973607008,-0.4884062635547044,0.18170499071435048,0.0,1.0,0.0,1.0
143,-1.5841041815748111,0.48493379183084967,1.5531240671578932,0.0,1.0,0.0,1.0
144,0.8122746973607008,-0.49349163479496333,-0.6563844448900367,0.0,1.0,0.0,1.0
145,0.8122746973607008,-0.4589111103612028,0.2578949394056584,0.0,1.0,0.0,1.0
146,-1.5841041815748111,-0.6521552174910411,-0.08495982970522727,0.0,1.0,0.0,1.0
147,0.8122746973607008,-0.5051025544107225,-0.08495982970522727,0.0,1.0,1.0,0.0
148,-0.3859147421070552,-0.4385696254001672,0.48646478547958216,0.0,1.0,0.0,1.0
149,-1.5841041815748111,-0.04191066865997271,-0.2754347014334971,0.0,1.0,1.0,0.0
150,0.8122746973607008,-0.3368622005949891,-0.08495982970522727,1.0,0.0,0.0,0.0
151,0.8122746973607008,-0.4915429205356961,-0.08495982970522727,0.0,1.0,0.0,1.0
152,0.8122746973607008,-0.5051025544107225,-1.1135241370378843,0.0,1.0,1.0,0.0
153,0.8122746973607008,-0.28600848819240005,0.10551504202304256,1.0,0.0,0.0,1.0
154,-1.5841041815748111,-0.11742843157781739,0.9436044776274297,0.0,1.0,0.0,1.0
155,-1.5841041815748111,0.06996749862572317,1.1721743237013535,0.0,1.0,0.0,1.0
156,-0.3859147421070552,-0.4385696254001672,-0.9611442396552684,1.0,0.0,0.0,1.0
157,-1.5841041815748111,1.0458502396314067,1.1721743237013535,0.0,1.0,0.0,1.0
158,-1.5841041815748111,-0.04801311414828341,0.5626547341708901,0.0,1.0,1.0,0.0
159,0.8122746973607008,-0.4589111103612028,0.029325093331734626,0.0,1.0,0.0,1.0
160,0.8122746973607008,-0.49188058918604927,-0.08495982970522727,1.0,0.0,0.0,0.0
161,0.8122746973607008,-0.3246573096183677,-0.08495982970522727,0.0,1.0,0.0,1.0
162,0.8122746973607008,-0.4884062635547044,-0.7325743935813447,0.0,1.0,0.0,1.0
163,-0.3859147421070552,0.1411626959893478,-2.180183418716195,0.0,1.0,0.0,1.0
164,0.8122746973607008,-0.4945087090430151,1.629314015849201,0.0,1.0,0.0,1.0
165,-1.5841041815748111,-0.04191066865997271,3.8388225278971313,0.0,1.0,0.0,1.0
166,-1.5841041815748111,1.1785784290021641,0.6388446828621981,0.0,1.0,0.0,1.0
167,-1.5841041815748111,0.5561289891944743,1.8578838619231248,1.0,0.0,1.0,0.0
168,-1.5841041815748111,0.9336323695468615,-0.6563844448900367,1.0,0.0,0.0,1.0
169,0.8122746973607008,-0.49357706903179965,-0.6563844448900367,0.0,1.0,0.0,1.0
170,0.8122746973607008,-0.49094894917483384,0.18170499071435048,0.0,1.0,0.0,1.0
171,-1.5841041815748111,0.5272278073618349,1.0959843750100455,1.0,0.0,1.0,0.0
172,-1.5841041815748111,-0.12327660850411516,2.6197833488362043,0.0,1.0,0.0,1.0
173,-1.5841041815748111,-0.06810033054730609,1.5531240671578932,1.0,0.0,1.0,0.0
174,-1.5841041815748111,0.5058692481527476,1.4769341184665852,0.0,1.0,1.0,0.0
175,0.8122746973607008,-0.4589111103612028,-0.7325743935813447,0.0,1.0,0.0,1.0
176,0.8122746973607008,0.1551474669000598,-2.180183418716195,0.0,1.0,0.0,1.0
177,-0.3859147421070552,-0.12327660850411516,1.8578838619231248,0.0,1.0,0.0,1.0
178,0.8122746973607008,-0.4923891263100752,0.18170499071435048,0.0,1.0,0.0,1.0
179,0.8122746973607008,-0.4996795145201104,-0.8849542909639605,1.0,0.0,0.0,1.0
180,0.8122746973607008,-0.4965428575391187,-0.351624650124805,0.0,1.0,0.0,1.0
181,0.8122746973607008,-0.35805192547889986,-0.9611442396552684,1.0,0.0,1.0,0.0
182,0.8122746973607008,-0.6521552174910411,1.4769341184665852,0.0,1.0,0.0,1.0
183,0.8122746973607008,-0.19735419428671855,-0.08495982970522727,1.0,0.0,1.0,0.0
184,0.8122746973607008,-0.4915429205356961,-0.12305480405088122,0.0,1.0,0.0,1.0
185,0.8122746973607008,-0.49094894917483384,-0.6563844448900367,0.0,1.0,0.0,1.0
186,0.8122746973607008,-0.4945087090430151,-0.08495982970522727,1.0,0.0,0.0,0.0
187,0.8122746973607008,-0.23362916441773338,-0.2754347014334971,0.0,1.0,0.0,1.0
188,0.8122746973607008,-0.23464623866578518,0.2578949394056584,0.0,1.0,0.0,1.0
189,0.8122746973607008,-0.4884062635547044,-0.0468648553595733,0.0,1.0,0.0,1.0
190,-1.5841041815748111,2.083774509768249,0.8674145289361218,1.0,0.0,1.0,0.0
191,-1.5841041815748111,1.0394080913442467,2.0102637593057406,1.0,0.0,1.0,0.0
192,0.8122746973607008,-0.49094894917483384,-0.5040045475074209,1.0,0.0,0.0,1.0
193,-0.3859147421070552,0.10056516030411289,-2.180183418716195,0.0,1.0,1.0,0.0
194,0.8122746973607008,-0.01597527533465233,-1.418283931803116,1.0,0.0,0.0,1.0
195,0.8122746973607008,-0.4884062635547044,-0.389719624470459,0.0,1.0,0.0,1.0
196,0.8122746973607008,-0.4884062635547044,-0.08495982970522727,0.0,1.0,0.0,1.0
197,-1.5841041815748111,-0.11208879177554557,2.1626436566883567,1.0,0.0,0.0,1.0
198,0.8122746973607008,-0.3246573096183677,-0.08495982970522727,1.0,0.0,0.0,1.0
199,-0.3859147421070552,0.19362745400085088,-2.0278035213335794,1.0,0.0,1.0,0.0
200,0.8122746973607008,-0.4915429205356961,-0.08495982970522727,0.0,1.0,1.0,0.0
201,0.8122746973607008,-0.1792156921469631,-0.08495982970522727,1.0,0.0,0.0,0.0
202,-1.5841041815748111,-0.12480221987619282,-0.08495982970522727,0.0,1.0,0.0,1.0
203,0.8122746973607008,-0.494762977605028,-0.08495982970522727,0.0,1.0,0.0,0.0
204,-1.5841041815748111,-0.11208879177554557,1.1721743237013535,0.0,1.0,0.0,1.0
205,0.8122746973607008,-0.4945087090430151,0.06742006767738859,1.0,0.0,0.0,0.0
206,0.8122746973607008,-0.4589111103612028,-0.08495982970522727,0.0,1.0,0.0,1.0
207,0.8122746973607008,-0.6521552174910411,0.48646478547958216,0.0,1.0,0.0,1.0
208,-0.3859147421070552,-0.12327660850411516,1.8578838619231248,0.0,1.0,0.0,1.0
209,0.8122746973607008,-0.4915429205356961,0.41027483678827426,0.0,1.0,1.0,0.0
210,0.8122746973607008,-0.5046794515235329,1.3245542210839694,0.0,1.0,0.0,1.0
211,-0.3859147421070552,-0.3877159129975781,0.029325093331734626,0.0,1.0,0.0,1.0
212,-1.5841041815748111,-0.031739926179454904,-0.19924475274218914,0.0,1.0,0.0,1.0
213,0.8122746973607008,-0.34203300607208437,-0.08495982970522727,0.0,1.0,1.0,0.0
214,0.8122746973607008,-0.4884062635547044,0.41027483678827426,0.0,1.0,0.0,1.0
215,0.8122746973607008,-0.4915429205356961,-0.08495982970522727,0.0,1.0,0.0,1.0
216,-1.5841041815748111,9.769381499408366,0.41027483678827426,1.0,0.0,1.0,0.0
217,-0.3859147421070552,-0.27075237447162337,-0.42781459881611295,1.0,0.0,0.0,1.0
218,-1.5841041815748111,0.7025876809139306,-0.0468648553595733,0.0,1.0,0.0,1.0
219,-1.5841041815748111,1.6033757618889593,-0.9611442396552684,0.0,1.0,1.0,0.0
220,-0.3859147421070552,-0.3266914581144713,1.9340738106144328,1.0,0.0,0.0,1.0
221,-1.5841041815748111,0.42797763393995,0.41027483678827426,1.0,0.0,0.0,1.0
222,0.8122746973607008,0.49705324857063476,-0.08495982970522727,0.0,1.0,0.0,1.0
223,-1.5841041815748111,1.1073832316385395,0.029325093331734626,1.0,0.0,0.0,1.0
224,0.8122746973607008,-0.24600288971953133,-0.08495982970522727,0.0,1.0,0.0,1.0
225,-0.3859147421070552,0.019113786223134133,-0.08495982970522727,1.0,0.0,0.0,1.0
226,-0.3859147421070552,-0.3877159129975781,0.9436044776274297,1.0,0.0,0.0,1.0
227,0.8122746973607008,-0.3124524186417464,-0.42781459881611295,1.0,0.0,0.0,1.0
228,0.8122746973607008,-0.4915429205356961,-0.08495982970522727,0.0,1.0,0.0,1.0
229,0.8122746973607008,-0.5051025544107225,-0.08495982970522727,0.0,1.0,1.0,0.0
230,-1.5841041815748111,-0.08767900982230284,0.029325093331734626,0.0,1.0,1.0,0.0
231,0.8122746973607008,-0.4884062635547044,1.0959843750100455,0.0,1.0,0.0,1.0
232,-1.5841041815748111,2.1068275146745905,0.48646478547958216,1.0,0.0,1.0,0.0
233,-0.3859147421070552,-0.41822814043913153,-0.5040045475074209,0.0,1.0,0.0,1.0
234,-0.3859147421070552,-0.040470491524731415,-1.1897140857291921,1.0,0.0,1.0,0.0
235,0.8122746973607008,-0.5046794515235329,-0.08495982970522727,0.0,1.0,0.0,1.0
236,0.8122746973607008,-0.48882936644189395,-1.1135241370378843,1.0,0.0,0.0,0.0
237,-0.3859147421070552,-0.3877159129975781,0.6388446828621981,1.0,0.0,0.0,1.0
238,0.8122746973607008,-0.4884062635547044,1.629314015849201,0.0,1.0,0.0,1.0
239,-0.3859147421070552,-0.10293512354307954,-0.42781459881611295,1.0,0.0,0.0,1.0
240,-1.5841041815748111,0.9336323695468615,1.629314015849201,1.0,0.0,0.0,1.0
241,-0.3859147421070552,-0.1639595784261864,-0.12305480405088122,1.0,0.0,1.0,0.0
242,-1.5841041815748111,3.8591630439794686,-0.08495982970522727,0.0,1.0,0.0,1.0
243,-1.5841041815748111,4.697655327261326,-0.42781459881611295,1.0,0.0,0.0,1.0
244,-1.5841041815748111,4.684941899160679,-0.6563844448900367,1.0,0.0,1.0,0.0
245,0.8122746973607008,-0.4915429205356961,0.18170499071435048,0.0,1.0,0.0,1.0
246,0.8122746973607008,-0.4884062635547044,-0.8849542909639605,0.0,1.0,0.0,1.0
247,-0.3859147421070552,-0.4385696254001672,-0.8087643422726526,0.0,1.0,0.0,1.0
248,0.8122746973607008,-0.5046794515235329,2.2388336053796647,0.0,1.0,0.0,1.0
249,-1.5841041815748111,1.2005309595721136,-0.351624650124805,0.0,1.0,1.0,0.0
250,-0.3859147421070552,-0.11819123726385626,1.1721743237013535,1.0,0.0,0.0,1.0
251,-1.5841041815748111,0.9680440596554456,0.715034631553506,1.0,0.0,0.0,1.0
252,0.8122746973607008,-0.4759471040160701,0.2578949394056584,0.0,1.0,1.0,0.0
253,-1.5841041815748111,0.36491903056073954,-0.08495982970522727,0.0,1.0,0.0,1.0
254,0.8122746973607008,-0.3368622005949891,-0.08495982970522727,0.0,1.0,0.0,0.0
255,0.8122746973607008,-0.402209221032316,-2.1039934700248875,1.0,0.0,0.0,1.0
256,0.8122746973607008,-0.5034081087134682,-0.08495982970522727,0.0,1.0,0.0,1.0
257,0.8122746973607008,-0.4915429205356961,-0.08495982970522727,0.0,1.0,0.0,1.0
258,-1.5841041815748111,0.9588903914229795,1.2483642723926613,0.0,1.0,1.0,0.0
259,-0.3859147421070552,0.09539435482701768,-1.6468537778770398,0.0,1.0,0.0,1.0
260,0.8122746973607008,-0.05970946800087887,-1.7230437265683476,0.0,1.0,0.0,0.0
261,0.8122746973607008,-0.4759471040160701,-0.2754347014334971,0.0,1.0,0.0,1.0
262,-0.3859147421070552,-0.3877159129975781,1.705503964540509,0.0,1.0,0.0,1.0
263,0.8122746973607008,-0.4915429205356961,0.48646478547958216,0.0,1.0,0.0,1.0
264,-0.3859147421070552,-0.25549626075084664,0.8674145289361218,1.0,0.0,0.0,1.0
265,0.8122746973607008,-0.5051879886475588,0.7912245802448139,0.0,1.0,1.0,0.0
266,0.8122746973607008,0.0470833280445581,1.4007441697752774,1.0,0.0,0.0,1.0
267,-0.3859147421070552,-0.11819123726385626,-1.6468537778770398,1.0,0.0,0.0,1.0
268,0.8122746973607008,-0.4884062635547044,-0.42781459881611295,0.0,1.0,0.0,1.0
269,0.8122746973607008,-0.49357706903179965,-0.12305480405088122,0.0,1.0,0.0,1.0
270,-1.5841041815748111,4.3827854132524635,-0.42781459881611295,0.0,1.0,1.0,0.0
271,0.8122746973607008,-0.4945087090430151,-0.08495982970522727,0.0,1.0,0.0,0.0
272,0.8122746973607008,-0.4789128925233891,-2.2243735889571536,0.0,1.0,1.0,0.0
273,-1.5841041815748111,0.9517708716866169,-0.2754347014334971,1.0,0.0,0.0,1.0
274,-0.3859147421070552,-0.402463489594329,0.2578949394056584,0.0,1.0,0.0,1.0
275,0.8122746973607008,-0.5046794515235329,-0.5801944961987288,0.0,1.0,0.0,1.0
276,0.8122746973607008,-0.4915429205356961,0.2578949394056584,0.0,1.0,0.0,1.0
277,-0.3859147421070552,-0.12327660850411516,-0.351624650124805,1.0,0.0,0.0,1.0
278,0.8122746973607008,-0.4945087090430151,-0.8849542909639605,0.0,1.0,0.0,1.0
279,0.8122746973607008,-0.4923891263100752,0.10551504202304256,1.0,0.0,0.0,1.0
280,-0.3859147421070552,-0.12327660850411516,-2.1039934700248875,1.0,0.0,0.0,1.0
281,0.8122746973607008,-0.5068824343448131,-0.42781459881611295,0.0,1.0,0.0,1.0
282,0.8122746973607008,-0.24024014703006993,0.41027483678827426,1.0,0.0,0.0,1.0
283,-1.5841041815748111,0.5073094252879888,0.10551504202304256,0.0,1.0,0.0,1.0
284,-0.3859147421070552,-0.22498403330929323,-0.0468648553595733,0.0,1.0,0.0,1.0
285,0.8122746973607008,-0.13412472243383547,-0.08495982970522727,1.0,0.0,0.0,1.0
286,-1.5841041815748111,0.41687525144821674,0.9436044776274297,0.0,1.0,0.0,1.0
287,0.8122746973607008,-0.5148501940040507,-0.8849542909639605,1.0,0.0,0.0,0.0
288,0.8122746973607008,-0.5209526394923614,1.0197944263187377,0.0,1.0,0.0,1.0
289,0.8122746973607008,0.1551474669000598,-2.1039934700248875,0.0,1.0,0.0,1.0
290,-1.5841041815748111,0.9336323695468615,2.5435934001448963,1.0,0.0,0.0,1.0
291,-1.5841041815748111,2.083774509768249,0.7912245802448139,1.0,0.0,1.0,0.0
292,0.8122746973607008,-0.3358451263469373,0.48646478547958216,0.0,1.0,0.0,1.0
293,-0.3859147421070552,0.09539435482701768,-0.8087643422726526,0.0,1.0,0.0,1.0
294,0.8122746973607008,-0.4948484118418644,-0.08495982970522727,1.0,0.0,0.0,0.0
295,0.8122746973607008,-0.4965428575391187,-0.8087643422726526,0.0,1.0,0.0,1.0
296,-0.3859147421070552,-0.3877159129975781,0.715034631553506,0.0,1.0,0.0,1.0
297,-1.5841041815748111,0.7575096903087268,-0.42781459881611295,1.0,0.0,1.0,0.0
298,-1.5841041815748111,0.475611289273207,-0.351624650124805,0.0,1.0,1.0,0.0
299,-1.5841041815748111,2.1068275146745905,0.41027483678827426,1.0,0.0,0.0,1.0
300,0.8122746973607008,-0.33194566367990674,-0.7325743935813447,0.0,1.0,1.0,0.0
301,-0.3859147421070552,-0.1639595784261864,0.029325093331734626,0.0,1.0,1.0,0.0
302,0.8122746973607008,-0.2410029527161088,-0.8849542909639605,0.0,1.0,0.0,1.0
303,-1.5841041815748111,4.684941899160679,-0.8849542909639605,1.0,0.0,1.0,0.0
304,0.8122746973607008,-0.4589111103612028,-0.12305480405088122,0.0,1.0,0.0,1.0
305,0.8122746973607008,-0.3368622005949891,-0.08495982970522727,0.0,1.0,0.0,0.0
306,0.8122746973607008,-0.46450501872548755,-0.5040045475074209,0.0,1.0,0.0,1.0
307,0.8122746973607008,-0.4884062635547044,-0.8087643422726526,0.0,1.0,0.0,1.0
308,0.8122746973607008,0.3018604271815291,-1.5706638291857318,0.0,1.0,0.0,1.0
309,-0.3859147421070552,-0.3877159129975781,-0.5040045475074209,0.0,1.0,0.0,1.0
310,-1.5841041815748111,0.9680440596554456,1.705503964540509,0.0,1.0,0.0,1.0
311,0.8122746973607008,-0.4945087090430151,-0.08495982970522727,0.0,1.0,0.0,0.0
312,0.8122746973607008,-0.4945087090430151,0.18170499071435048,0.0,1.0,0.0,0.0
313,0.8122746973607008,-0.3246573096183677,-0.42781459881611295,0.0,1.0,0.0,1.0
314,0.8122746973607008,-0.4915429205356961,0.6388446828621981,0.0,1.0,0.0,1.0
315,-0.3859147421070552,-0.3702568164555213,-0.19924475274218914,1.0,0.0,1.0,0.0
316,0.8122746973607008,0.3018604271815291,-1.418283931803116,0.0,1.0,0.0,1.0
317,0.8122746973607008,-0.3368622005949891,0.18170499071435048,1.0,0.0,0.0,0.0
318,0.8122746973607008,-0.4945087090430151,-0.08495982970522727,1.0,0.0,0.0,0.0
319,0.8122746973607008,-0.5212069080543743,0.3721798624426203,0.0,1.0,1.0,0.0
320,0.8122746973607008,-0.4915429205356961,-0.08495982970522727,0.0,1.0,0.0,1.0
321,0.8122746973607008,-0.4871349207446397,-0.08495982970522727,0.0,1.0,0.0,1.0
322,0.8122746973607008,-0.5046794515235329,-0.6563844448900367,0.0,1.0,0.0,1.0
323,0.8122746973607008,-0.4915429205356961,0.029325093331734626,0.0,1.0,0.0,1.0
324,0.8122746973607008,-0.5051025544107225,0.029325093331734626,0.0,1.0,1.0,0.0
325,0.8122746973607008,-0.3246573096183677,-0.08495982970522727,0.0,1.0,0.0,1.0
326,-1.5841041815748111,0.02928452870365194,2.3912135027622803,0.0,1.0,0.0,1.0
327,0.8122746973607008,0.7625950615489857,-0.08495982970522727,1.0,0.0,0.0,1.0
328,-1.5841041815748111,2.4305968283539063,-2.1862786146114996,0.0,1.0,0.0,1.0
329,-0.3859147421070552,-0.3877159129975781,-0.12305480405088122,0.0,1.0,0.0,1.0
330,0.8122746973607008,-0.5051025544107225,-0.08495982970522727,0.0,1.0,1.0,0.0
331,0.8122746973607008,-0.260412797665929,-0.42781459881611295,1.0,0.0,1.0,0.0
332,-0.3859147421070552,-0.3973781183540701,1.629314015849201,0.0,1.0,0.0,1.0
333,0.8122746973607008,-0.423482346004567,-1.342093983111808,0.0,1.0,1.0,0.0
334,-1.5841041815748111,-0.02775706342408416,-0.08495982970522727,0.0,1.0,1.0,0.0
335,0.8122746973607008,0.1551474669000598,-1.7230437265683476,0.0,1.0,0.0,1.0
336,0.8122746973607008,-0.5051879886475588,-0.08495982970522727,0.0,1.0,1.0,0.0
337,-1.5841041815748111,-0.6521552174910411,0.6388446828621981,0.0,1.0,0.0,1.0
338,0.8122746973607008,-0.5148501940040507,-0.8087643422726526,0.0,1.0,0.0,0.0
339,0.8122746973607008,-0.4759471040160701,0.6388446828621981,0.0,1.0,0.0,1.0
340,0.8122746973607008,-0.49094894917483384,0.715034631553506,0.0,1.0,0.0,1.0
341,-0.3859147421070552,-0.12327660850411516,1.0959843750100455,1.0,0.0,0.0,1.0
342,0.8122746973607008,-0.4915429205356961,-0.19924475274218914,0.0,1.0,0.0,1.0
343,0.8122746973607008,-0.5051879886475588,-0.08495982970522727,1.0,0.0,1.0,0.0
344,-0.3859147421070552,-0.3877159129975781,1.5531240671578932,0.0,1.0,0.0,1.0
345,-0.3859147421070552,-0.3775451705170603,1.1721743237013535,1.0,0.0,0.0,1.0
346,0.8122746973607008,-0.49400017191898926,-0.6563844448900367,0.0,1.0,0.0,1.0
347,-1.5841041815748111,0.35483372231705806,-0.42781459881611295,1.0,0.0,1.0,0.0
348,0.8122746973607008,-0.28600848819240005,-0.8849542909639605,1.0,0.0,0.0,1.0
349,0.8122746973607008,-0.13412472243383547,-0.08495982970522727,0.0,1.0,0.0,1.0
350,0.8122746973607008,-0.49400017191898926,-0.351624650124805,1.0,0.0,0.0,1.0
351,-0.3859147421070552,-0.3877159129975781,0.029325093331734626,1.0,0.0,0.0,1.0
352,-0.3859147421070552,-0.27075237447162337,-2.193135709993718,0.0,1.0,0.0,1.0
353,-0.3859147421070552,-0.3877159129975781,0.10551504202304256,0.0,1.0,0.0,1.0
354,-1.5841041815748111,1.7888229778332325,0.48646478547958216,1.0,0.0,0.0,1.0
355,-1.5841041815748111,0.596388856229356,1.629314015849201,0.0,1.0,1.0,0.0
356,-0.3859147421070552,-0.3877159129975781,0.9436044776274297,0.0,1.0,0.0,1.0
357,-1.5841041815748111,0.35474828808022174,-0.5801944961987288,1.0,0.0,1.0,0.0
358,-0.3859147421070552,-0.3877159129975781,-0.08495982970522727,0.0,1.0,0.0,1.0
359,0.8122746973607008,-0.19735419428671855,-0.08495982970522727,1.0,0.0,1.0,0.0
360,-0.3859147421070552,-0.06225215362100832,-0.5801944961987288,1.0,0.0,0.0,1.0
361,-1.5841041815748111,0.9588903914229795,-0.08495982970522727,1.0,0.0,1.0,0.0
362,-1.5841041815748111,0.939905683508845,1.705503964540509,1.0,0.0,1.0,0.0
363,-1.5841041815748111,2.701478281134529,1.1721743237013535,1.0,0.0,0.0,1.0
364,-0.3859147421070552,-0.3877159129975781,-0.8087643422726526,0.0,1.0,0.0,1.0
365,0.8122746973607008,-0.4945087090430151,3.115018015329706,0.0,1.0,0.0,0.0
366,0.8122746973607008,-0.4928976634341011,-0.08495982970522727,0.0,1.0,0.0,0.0
367,-0.3859147421070552,-0.3460158688274551,-0.08495982970522727,0.0,1.0,1.0,0.0
368,0.8122746973607008,-0.6521552174910411,-0.8087643422726526,0.0,1.0,0.0,1.0
369,0.8122746973607008,0.3018604271815291,1.0197944263187377,1.0,0.0,0.0,1.0
370,-0.3859147421070552,-0.11819123726385626,0.10551504202304256,0.0,1.0,0.0,1.0
371,-0.3859147421070552,-0.184301063387222,1.8578838619231248,1.0,0.0,0.0,1.0
372,0.8122746973607008,-0.4382299226013179,-0.5801944961987288,1.0,0.0,0.0,1.0
373,0.8122746973607008,-0.16090835568203107,0.48646478547958216,0.0,1.0,0.0,1.0
374,-0.3859147421070552,-0.12327660850411516,0.48646478547958216,1.0,0.0,0.0,1.0
375,0.8122746973607008,-0.5051879886475588,-1.1135241370378843,1.0,0.0,1.0,0.0
376,0.8122746973607008,-0.4884062635547044,-0.08495982970522727,0.0,1.0,0.0,1.0
377,-0.3859147421070552,-0.3877159129975781,-0.42781459881611295,0.0,1.0,0.0,1.0
378,0.8122746973607008,-0.4759471040160701,-0.08495982970522727,0.0,1.0,0.0,1.0
379,-0.3859147421070552,0.19362745400085088,-0.351624650124805,0.0,1.0,1.0,0.0
380,0.8122746973607008,-0.42568736297434334,-2.180183418716195,1.0,0.0,0.0,1.0
381,0.8122746973607008,-0.05970946800087887,-2.1039934700248875,0.0,1.0,0.0,0.0
382,-1.5841041815748111,-0.11742843157781739,0.48646478547958216,0.0,1.0,0.0,1.0
383,0.8122746973607008,-0.2111680967237578,-0.08495982970522727,0.0,1.0,1.0,0.0
384,0.8122746973607008,-0.175147395154756,-0.08495982970522727,1.0,0.0,0.0,1.0
385,0.8122746973607008,-0.4619623331053581,-0.8849542909639605,1.0,0.0,0.0,1.0
386,-0.3859147421070552,-0.4385696254001672,0.33408488809696635,1.0,0.0,0.0,1.0
387,0.8122746973607008,-0.3592378340521283,0.33408488809696635,0.0,1.0,0.0,1.0
388,-0.3859147421070552,-0.6521552174910411,-0.08495982970522727,0.0,1.0,0.0,1.0
389,-1.5841041815748111,-0.12327660850411516,-0.08495982970522727,0.0,1.0,0.0,1.0
390,0.8122746973607008,-0.4884062635547044,-0.5801944961987288,0.0,1.0,0.0,1.0
391,-0.3859147421070552,-0.4385696254001672,-0.8087643422726526,0.0,1.0,0.0,1.0
392,0.8122746973607008,-0.5051879886475588,-0.08495982970522727,0.0,1.0,1.0,0.0
393,-1.5841041815748111,1.6033757618889593,1.4769341184665852,0.0,1.0,1.0,0.0
394,-1.5841041815748111,4.697655327261326,2.6197833488362043,0.0,1.0,0.0,1.0
395,0.8122746973607008,-0.4759471040160701,-0.9611442396552684,0.0,1.0,0.0,1.0
396,0.8122746973607008,-0.5046794515235329,0.029325093331734626,0.0,1.0,0.0,1.0
397,-1.5841041815748111,1.0458502396314067,0.41027483678827426,1.0,0.0,0.0,1.0
398,0.8122746973607008,-0.4884062635547044,-0.6563844448900367,0.0,1.0,0.0,1.0
399,-1.5841041815748111,-0.11208879177554557,1.629314015849201,0.0,1.0,0.0,1.0
400,-1.5841041815748111,1.019320874945224,-0.08495982970522727,1.0,0.0,1.0,0.0
401,0.8122746973607008,-0.5046794515235329,-0.08495982970522727,0.0,1.0,0.0,1.0
402,0.8122746973607008,-0.5051025544107225,-0.08495982970522727,0.0,1.0,1.0,0.0
403,-0.3859147421070552,-0.41822814043913153,-0.8849542909639605,0.0,1.0,0.0,1.0
404,0.8122746973607008,-0.4915429205356961,-0.08495982970522727,0.0,1.0,0.0,1.0
405,-1.5841041815748111,2.328295432187866,2.1626436566883567,1.0,0.0,1.0,0.0
406,-1.5841041815748111,1.1073832316385395,0.2578949394056584,1.0,0.0,0.0,1.0
407,0.8122746973607008,-0.16090835568203107,-0.08495982970522727,0.0,1.0,0.0,0.0
408,-1.5841041815748111,1.1073832316385395,-1.0373341883465763,1.0,0.0,0.0,1.0
409,-0.3859147421070552,-0.41822814043913153,-0.6563844448900367,0.0,1.0,0.0,1.0
410,-1.5841041815748111,-0.04191066865997271,-0.08495982970522727,0.0,1.0,0.0,1.0
411,-0.3859147421070552,-0.04191066865997271,-0.351624650124805,1.0,0.0,0.0,1.0
412,0.8122746973607008,-0.36517144521526235,0.8674145289361218,0.0,1.0,0.0,1.0
413,0.8122746973607008,-0.4759471040160701,-0.9611442396552684,0.0,1.0,0.0,1.0
414,0.8122746973607008,-0.4948484118418644,-0.08495982970522727,0.0,1.0,0.0,0.0
415,0.8122746973607008,-0.3572036855560247,0.8293195545904678,0.0,1.0,0.0,1.0
416,0.8122746973607008,-0.3246573096183677,-0.6563844448900367,0.0,1.0,0.0,1.0
417,0.8122746973607008,-0.4884062635547044,1.0959843750100455,0.0,1.0,0.0,1.0
418,-0.3859147421070552,-0.6521552174910411,-0.08495982970522727,0.0,1.0,0.0,1.0
419,0.8122746973607008,-0.4884062635547044,-0.5801944961987288,0.0,1.0,0.0,1.0
420,0.8122746973607008,-0.5046794515235329,-0.6944794192356907,0.0,1.0,0.0,1.0
421,0.8122746973607008,-0.3246573096183677,-0.2754347014334971,1.0,0.0,0.0,1.0
422,0.8122746973607008,-0.49094894917483384,0.5626547341708901,0.0,1.0,0.0,1.0
423,0.8122746973607008,-0.49196602342288565,-0.0468648553595733,0.0,1.0,0.0,1.0
424,0.8122746973607008,-0.4915429205356961,-0.08495982970522727,0.0,1.0,1.0,0.0
425,-1.5841041815748111,0.9588903914229795,2.3150235540709723,0.0,1.0,1.0,0.0
426,-0.3859147421070552,0.8429439271450765,-0.6563844448900367,0.0,1.0,0.0,1.0
427,-0.3859147421070552,-0.12327660850411516,-0.0468648553595733,1.0,0.0,0.0,1.0
428,0.8122746973607008,-0.4884062635547044,1.9721687849600866,0.0,1.0,0.0,1.0
429,0.8122746973607008,-0.4759471040160701,-0.7325743935813447,1.0,0.0,0.0,1.0
430,-1.5841041815748111,-0.04801311414828341,-0.08495982970522727,0.0,1.0,1.0,0.0
431,0.8122746973607008,-0.4945087090430151,-1.0373341883465763,1.0,0.0,0.0,0.0
432,0.8122746973607008,-0.3983951926021218,-1.7992336752596556,0.0,1.0,0.0,1.0
433,0.8122746973607008,-0.48662638362061383,-0.08495982970522727,1.0,0.0,0.0,0.0
434,0.8122746973607008,-0.42568736297434334,-0.19924475274218914,1.0,0.0,0.0,1.0
435,0.8122746973607008,-0.5086623142789036,-0.9611442396552684,0.0,1.0,0.0,1.0
436,0.8122746973607008,-0.5051025544107225,-0.08495982970522727,0.0,1.0,1.0,0.0
437,-1.5841041815748111,1.1603565267740685,1.4769341184665852,0.0,1.0,1.0,0.0
438,0.8122746973607008,-0.2410029527161088,0.8674145289361218,1.0,0.0,0.0,1.0
439,0.8122746973607008,-0.4884062635547044,-0.08495982970522727,0.0,1.0,0.0,1.0
440,-0.3859147421070552,-0.3877159129975781,-0.351624650124805,0.0,1.0,0.0,1.0
441,-1.5841041815748111,-0.11539428308171387,0.48646478547958216,0.0,1.0,0.0,1.0
442,-0.3859147421070552,-0.3877159129975781,-0.12305480405088122,1.0,0.0,0.0,1.0
443,0.8122746973607008,-0.260412797665929,-2.199230905889022,1.0,0.0,1.0,0.0
444,-1.5841041815748111,-0.6521552174910411,0.7912245802448139,0.0,1.0,0.0,1.0
445,0.8122746973607008,-0.50874774851574,-0.08495982970522727,0.0,1.0,0.0,1.0
446,-1.5841041815748111,-0.031739926179454904,-0.08495982970522727,0.0,1.0,0.0,1.0
447,0.8122746973607008,-0.4884062635547044,-0.08495982970522727,1.0,0.0,0.0,1.0
448,-1.5841041815748111,0.7025876809139306,-0.5801944961987288,1.0,0.0,0.0,1.0
449,0.8122746973607008,-0.4923891263100752,-0.2754347014334971,0.0,1.0,0.0,1.0
450,0.8122746973607008,-0.23362916441773338,-2.180183418716195,0.0,1.0,0.0,1.0
451,-0.3859147421070552,-0.12327660850411516,-0.19924475274218914,0.0,1.0,0.0,1.0
452,0.8122746973607008,-0.32872560661057487,-1.5706638291857318,0.0,1.0,0.0,1.0
453,-0.3859147421070552,-0.12327660850411516,0.5245597598252362,0.0,1.0,0.0,1.0
454,0.8122746973607008,0.0470833280445581,-1.5706638291857318,1.0,0.0,0.0,1.0
455,-1.5841041815748111,0.9086306503812528,1.4007441697752774,0.0,1.0,1.0,0.0
456,0.8122746973607008,-0.5107818970118436,-0.08495982970522727,0.0,1.0,0.0,0.0
457,-1.5841041815748111,2.0664842475513687,1.5531240671578932,0.0,1.0,0.0,1.0
458,0.8122746973607008,-0.4759471040160701,0.9436044776274297,0.0,1.0,0.0,1.0
459,0.8122746973607008,-0.4884062635547044,-0.08495982970522727,0.0,1.0,0.0,1.0
460,0.8122746973607008,-0.5252752050465814,2.3912135027622803,0.0,1.0,0.0,1.0
461,-1.5841041815748111,-0.11208879177554557,1.1721743237013535,0.0,1.0,0.0,1.0
462,-1.5841041815748111,0.9199873014349987,1.8578838619231248,0.0,1.0,0.0,1.0
463,0.8122746973607008,-0.4884062635547044,0.33408488809696635,0.0,1.0,0.0,1.0
464,-1.5841041815748111,2.469499918341887,0.7912245802448139,1.0,0.0,0.0,1.0
465,-0.3859147421070552,-0.41822814043913153,-0.8849542909639605,0.0,1.0,0.0,1.0
466,0.8122746973607008,-0.49400017191898926,3.3816828357492836,0.0,1.0,0.0,1.0
467,0.8122746973607008,-0.4945087090430151,-0.08495982970522727,1.0,0.0,0.0,0.0
468,0.8122746973607008,-0.01597527533465233,0.715034631553506,1.0,0.0,0.0,1.0
469,0.8122746973607008,-0.4945087090430151,2.6959732975275124,0.0,1.0,0.0,0.0
470,0.8122746973607008,-0.4915429205356961,-0.42781459881611295,0.0,1.0,0.0,1.0
471,0.8122746973607008,-0.4884062635547044,-0.2754347014334971,0.0,1.0,0.0,1.0
472,-0.3859147421070552,-0.3877159129975781,0.21979996506000443,1.0,0.0,0.0,1.0
473,0.8122746973607008,-0.20413401122423175,-1.9516135726422714,1.0,0.0,0.0,1.0
474,0.8122746973607008,-0.5051879886475588,1.2102692980470076,0.0,1.0,1.0,0.0
475,-0.3859147421070552,-0.4385696254001672,0.10551504202304256,0.0,1.0,0.0,1.0
476,-0.3859147421070552,-0.3572036855560247,-0.42781459881611295,1.0,0.0,0.0,1.0
477,-0.3859147421070552,0.008943043742616326,0.33408488809696635,1.0,0.0,0.0,1.0
478,0.8122746973607008,-0.05970946800087887,-1.6468537778770398,0.0,1.0,0.0,0.0
479,0.8122746973607008,-0.4915429205356961,0.2578949394056584,0.0,1.0,1.0,0.0
480,0.8122746973607008,0.1551474669000598,0.8674145289361218,1.0,0.0,0.0,1.0
481,0.8122746973607008,-0.3297426808586266,-0.12305480405088122,0.0,1.0,0.0,1.0
482,-0.3859147421070552,0.019113786223134133,-0.12305480405088122,0.0,1.0,0.0,1.0
483,0.8122746973607008,-0.49357706903179965,-0.8849542909639605,0.0,1.0,0.0,1.0
484,-1.5841041815748111,0.42797763393995,0.2578949394056584,1.0,0.0,0.0,1.0
485,0.8122746973607008,-0.4884062635547044,-1.0373341883465763,0.0,1.0,0.0,1.0
486,0.8122746973607008,-0.08462778707814753,-2.1039934700248875,1.0,0.0,0.0,1.0
487,0.8122746973607008,-0.16090835568203107,0.715034631553506,0.0,1.0,0.0,1.0
488,-1.5841041815748111,0.4056020004828108,0.10551504202304256,0.0,1.0,0.0,1.0
489,0.8122746973607008,-0.4884062635547044,0.06742006767738859,0.0,1.0,0.0,1.0
490,-1.5841041815748111,0.005297849637598712,2.3912135027622803,0.0,1.0,0.0,1.0
491,0.8122746973607008,-0.24024014703006993,-1.0373341883465763,0.0,1.0,0.0,1.0
492,-1.5841041815748111,9.769381499408366,0.48646478547958216,0.0,1.0,1.0,0.0
493,-0.3859147421070552,-0.3877159129975781,0.48646478547958216,1.0,0.0,0.0,1.0
494,0.8122746973607008,0.7625950615489857,-0.08495982970522727,1.0,0.0,0.0,1.0
495,0.8122746973607008,-0.4945087090430151,-0.0468648553595733,0.0,1.0,0.0,0.0
496,-1.5841041815748111,2.469499918341887,2.1626436566883567,1.0,0.0,0.0,1.0
497,0.8122746973607008,-0.2699895687855845,-1.418283931803116,0.0,1.0,1.0,0.0
498,0.8122746973607008,-0.49400017191898926,-0.351624650124805,0.0,1.0,0.0,1.0
499,0.8122746973607008,-0.3449987945794033,-0.08495982970522727,0.0,1.0,0.0,1.0
500,0.8122746973607008,-0.45230012774886624,-0.7325743935813447,1.0,0.0,0.0,1.0
501,0.8122746973607008,-0.013686858276535808,-1.8754236239509636,1.0,0.0,0.0,1.0
502,0.8122746973607008,-0.5051879886475588,-0.08495982970522727,0.0,1.0,1.0,0.0
503,-0.3859147421070552,0.19362745400085088,-0.5801944961987288,1.0,0.0,1.0,0.0
504,-0.3859147421070552,-0.4385696254001672,3.076923040984052,0.0,1.0,0.0,1.0
505,0.8122746973607008,-0.22345842193721557,-2.0278035213335794,1.0,0.0,0.0,1.0
506,-1.5841041815748111,-0.5504477926858631,0.2578949394056584,0.0,1.0,0.0,1.0
507,-0.3859147421070552,-0.184301063387222,-1.9516135726422714,1.0,0.0,0.0,1.0
508,-0.3859147421070552,-0.4385696254001672,-0.42781459881611295,0.0,1.0,0.0,1.0
509,0.8122746973607008,-0.50874774851574,-0.351624650124805,0.0,1.0,0.0,1.0
510,0.8122746973607008,-0.4519604249500169,-0.8849542909639605,1.0,0.0,0.0,1.0
511,-1.5841041815748111,2.701478281134529,0.10551504202304256,1.0,0.0,0.0,1.0
512,0.8122746973607008,-0.4985770060352222,-0.5040045475074209,1.0,0.0,0.0,1.0
513,0.8122746973607008,-0.5126472111827706,-0.08495982970522727,0.0,1.0,0.0,0.0
514,0.8122746973607008,-0.4755240011288806,0.10551504202304256,1.0,0.0,0.0,1.0
515,0.8122746973607008,-0.49188058918604927,-0.08495982970522727,1.0,0.0,0.0,0.0
516,-0.3859147421070552,-0.12327660850411516,1.5531240671578932,1.0,0.0,0.0,1.0
517,0.8122746973607008,-0.4915429205356961,-0.2754347014334971,0.0,1.0,0.0,1.0
518,-1.5841041815748111,-0.6521552174910411,-0.08495982970522727,0.0,1.0,0.0,1.0
519,0.8122746973607008,-0.4884062635547044,-0.8087643422726526,0.0,1.0,0.0,1.0
520,-1.5841041815748111,3.6500688517679913,-0.19924475274218914,0.0,1.0,1.0,0.0
521,-0.3859147421070552,0.8429439271450765,-0.8849542909639605,0.0,1.0,0.0,1.0
522,0.8122746973607008,-0.4619623331053581,-0.5801944961987288,0.0,1.0,0.0,1.0
523,0.8122746973607008,0.7625950615489857,-0.08495982970522727,0.0,1.0,0.0,1.0
524,-0.3859147421070552,-0.3877159129975781,0.715034631553506,0.0,1.0,0.0,1.0
525,-0.3859147421070552,-0.37161155935392626,-0.5040045475074209,1.0,0.0,1.0,0.0
526,0.8122746973607008,-0.32872560661057487,-2.0278035213335794,0.0,1.0,0.0,1.0
527,-0.3859147421070552,-0.12327660850411516,0.2578949394056584,1.0,0.0,0.0,1.0
528,0.8122746973607008,-0.4923891263100752,-0.7325743935813447,0.0,1.0,0.0,1.0
529,0.8122746973607008,-0.4915429205356961,-0.08495982970522727,0.0,1.0,0.0,1.0
530,0.8122746973607008,-0.3983951926021218,-0.19924475274218914,1.0,0.0,0.0,1.0
531,-1.5841041815748111,1.7888229778332325,-1.418283931803116,0.0,1.0,0.0,1.0
532,0.8122746973607008,-0.35813532556724015,-0.19924475274218914,0.0,1.0,1.0,0.0
533,0.8122746973607008,-0.3572036855560247,-0.08495982970522727,0.0,1.0,0.0,1.0
534,0.8122746973607008,-0.4915429205356961,-0.8087643422726526,0.0,1.0,0.0,1.0
535,0.8122746973607008,-0.4915429205356961,-0.5040045475074209,0.0,1.0,0.0,1.0
536,-1.5841041815748111,3.9760411482685867,-0.08495982970522727,0.0,1.0,1.0,0.0
537,0.8122746973607008,-0.01597527533465233,-1.9516135726422714,0.0,1.0,0.0,1.0
538,0.8122746973607008,-0.35805192547889986,-0.08495982970522727,1.0,0.0,1.0,0.0
539,0.8122746973607008,0.0470833280445581,-1.0373341883465763,0.0,1.0,0.0,1.0
540,0.8122746973607008,-0.5072221371436624,-0.5801944961987288,0.0,1.0,0.0,1.0
541,0.8122746973607008,-0.4965428575391187,0.9436044776274297,0.0,1.0,0.0,1.0
542,0.8122746973607008,-0.3246573096183677,1.0959843750100455,0.0,1.0,0.0,1.0
543,0.8122746973607008,-0.4945087090430151,0.8293195545904678,0.0,1.0,0.0,0.0
544,-1.5841041815748111,0.4056020004828108,0.9436044776274297,0.0,1.0,0.0,1.0
545,0.8122746973607008,-0.01597527533465233,-1.5706638291857318,1.0,0.0,0.0,1.0
546,0.8122746973607008,-0.05970946800087887,-1.9516135726422714,0.0,1.0,0.0,0.0
547,-0.3859147421070552,0.8429439271450765,-0.42781459881611295,0.0,1.0,0.0,1.0
548,0.8122746973607008,-0.5051025544107225,-0.7325743935813447,0.0,1.0,1.0,0.0
549,-0.3859147421070552,0.6700413049762738,1.4007441697752774,1.0,0.0,0.0,1.0
550,0.8122746973607008,0.49705324857063476,0.18170499071435048,0.0,1.0,0.0,1.0
551,-1.5841041815748111,0.052762670645679306,3.15311298967536,0.0,1.0,1.0,0.0
552,0.8122746973607008,-0.4884062635547044,-0.08495982970522727,1.0,0.0,0.0,1.0
553,0.8122746973607008,-0.3368622005949891,-0.08495982970522727,1.0,0.0,0.0,0.0
554,0.8122746973607008,-0.3572036855560247,-0.8087643422726526,0.0,1.0,0.0,1.0
555,0.8122746973607008,-0.3792396162143146,-1.9516135726422714,1.0,0.0,1.0,0.0
556,0.8122746973607008,-0.4884062635547044,0.33408488809696635,0.0,1.0,0.0,1.0
557,0.8122746973607008,-0.49400017191898926,-0.5801944961987288,1.0,0.0,0.0,1.0
558,-1.5841041815748111,3.6467633604618226,1.0197944263187377,1.0,0.0,0.0,1.0
559,0.8122746973607008,-0.2699895687855845,-0.2754347014334971,0.0,1.0,1.0,0.0
560,-1.5841041815748111,1.652026491470268,-0.5040045475074209,1.0,0.0,1.0,0.0
561,-0.3859147421070552,-0.4385696254001672,-0.5040045475074209,0.0,1.0,0.0,1.0
562,-0.3859147421070552,-0.3572036855560247,-2.2053261017843266,0.0,1.0,0.0,1.0
563,-1.5841041815748111,0.8997312507107997,0.18170499071435048,1.0,0.0,1.0,0.0
564,0.8122746973607008,-0.4884062635547044,0.41027483678827426,0.0,1.0,0.0,1.0
565,0.8122746973607008,0.49705324857063476,-0.08495982970522727,0.0,1.0,0.0,1.0
566,-1.5841041815748111,-0.12471678563935645,1.4769341184665852,1.0,0.0,0.0,1.0
567,0.8122746973607008,-0.4945087090430151,-0.08495982970522727,0.0,1.0,0.0,0.0
568,0.8122746973607008,-0.4915429205356961,-0.08495982970522727,0.0,1.0,0.0,1.0
569,-0.3859147421070552,-0.3701713822186849,-0.08495982970522727,0.0,1.0,1.0,0.0
570,-0.3859147421070552,-0.22498403330929323,0.029325093331734626,1.0,0.0,0.0,1.0
571,-0.3859147421070552,0.1411626959893478,2.3150235540709723,0.0,1.0,0.0,1.0
572,-0.3859147421070552,-0.12327660850411516,0.33408488809696635,0.0,1.0,0.0,1.0
573,-0.3859147421070552,-0.12327660850411516,-0.351624650124805,0.0,1.0,0.0,1.0
574,0.8122746973607008,-0.4884062635547044,-1.0373341883465763,0.0,1.0,0.0,1.0
575,-0.3859147421070552,-0.27075237447162337,-2.0278035213335794,0.0,1.0,0.0,1.0
576,0.8122746973607008,-0.4571312304271122,0.5626547341708901,1.0,0.0,0.0,1.0
577,0.8122746973607008,-0.4945087090430151,-0.08495982970522727,1.0,0.0,0.0,0.0
578,0.8122746973607008,-0.4945087090430151,-0.08495982970522727,1.0,0.0,0.0,0.0
579,0.8122746973607008,0.7625950615489857,-0.08495982970522727,0.0,1.0,0.0,1.0
580,-0.3859147421070552,-0.3461013030642915,-0.5040045475074209,0.0,1.0,1.0,0.0
581,-1.5841041815748111,4.697655327261326,-0.8087643422726526,0.0,1.0,0.0,1.0
582,-1.5841041815748111,0.5073094252879888,-0.9611442396552684,1.0,0.0,0.0,1.0
583,0.8122746973607008,-0.49400017191898926,-0.0468648553595733,0.0,1.0,0.0,1.0
584,0.8122746973607008,-0.24600288971953133,-0.08495982970522727,0.0,1.0,0.0,1.0
585,0.8122746973607008,-0.49400017191898926,-0.8087643422726526,0.0,1.0,0.0,1.0
586,0.8122746973607008,-0.4945087090430151,-0.5801944961987288,1.0,0.0,0.0,0.0
587,0.8122746973607008,-0.16090835568203107,-1.494473880494424,1.0,0.0,0.0,1.0
588,0.8122746973607008,-0.49400017191898926,-0.8849542909639605,0.0,1.0,0.0,1.0
589,0.8122746973607008,-0.49094894917483384,-0.12305480405088122,0.0,1.0,0.0,1.0
590,0.8122746973607008,-0.4945087090430151,-0.08495982970522727,1.0,0.0,0.0,0.0
591,0.8122746973607008,-0.49357706903179965,-0.42781459881611295,0.0,1.0,0.0,1.0
592,-1.5841041815748111,0.9588903914229795,-0.42781459881611295,0.0,1.0,1.0,0.0
593,0.8122746973607008,-0.08462778707814753,-1.9516135726422714,0.0,1.0,0.0,1.0
594,-0.3859147421070552,-0.08767900982230284,0.2578949394056584,1.0,0.0,0.0,1.0
595,0.8122746973607008,-0.4985770060352222,-0.08495982970522727,0.0,1.0,0.0,1.0
596,0.8122746973607008,-0.5102733598878176,1.1721743237013535,0.0,1.0,0.0,1.0
597,-1.5841041815748111,0.3750043388044211,0.10551504202304256,0.0,1.0,0.0,1.0
598,0.8122746973607008,-0.4915429205356961,-0.5801944961987288,0.0,1.0,0.0,1.0
599,0.8122746973607008,-0.34203300607208437,-0.08495982970522727,0.0,1.0,1.0,0.0
600,0.8122746973607008,-0.4923891263100752,-1.1897140857291921,1.0,0.0,0.0,1.0
601,0.8122746973607008,-0.4884062635547044,0.029325093331734626,0.0,1.0,0.0,1.0
602,0.8122746973607008,-0.4594196474852286,0.7912245802448139,1.0,0.0,0.0,1.0
603,-1.5841041815748111,0.35483372231705806,3.15311298967536,0.0,1.0,1.0,0.0
604,-1.5841041815748111,3.9760411482685867,0.9436044776274297,1.0,0.0,1.0,0.0
605,0.8122746973607008,-0.3368622005949891,0.7912245802448139,0.0,1.0,0.0,0.0
606,0.8122746973607008,-0.49400017191898926,-1.0373341883465763,0.0,1.0,0.0,1.0
607,-0.3859147421070552,-0.10293512354307954,0.9436044776274297,0.0,1.0,0.0,1.0
608,-1.5841041815748111,0.9086306503812528,1.4769341184665852,1.0,0.0,1.0,0.0
609,0.8122746973607008,-0.4884062635547044,1.1721743237013535,0.0,1.0,0.0,1.0
610,0.8122746973607008,-0.4945087090430151,0.10551504202304256,0.0,1.0,0.0,0.0
611,-0.3859147421070552,0.019113786223134133,-1.7992336752596556,1.0,0.0,0.0,1.0
612,0.8122746973607008,-0.4759471040160701,-0.7325743935813447,0.0,1.0,0.0,1.0
613,0.8122746973607008,-0.5051025544107225,-0.4659095731617669,0.0,1.0,1.0,0.0
614,0.8122746973607008,-0.35813532556724015,-0.8849542909639605,1.0,0.0,1.0,0.0
615,-1.5841041815748111,-0.11208879177554557,2.4674034514535887,0.0,1.0,0.0,1.0
616,0.8122746973607008,-0.494762977605028,-0.08495982970522727,1.0,0.0,0.0,0.0
617,-1.5841041815748111,0.13099195350883,1.3245542210839694,0.0,1.0,0.0,1.0
618,-1.5841041815748111,-0.11208879177554557,2.6959732975275124,0.0,1.0,0.0,1.0
619,-1.5841041815748111,-0.04191066865997271,-0.8087643422726526,1.0,0.0,0.0,1.0
620,-1.5841041815748111,-0.021569183698937094,-0.08495982970522727,0.0,1.0,0.0,1.0
621,0.8122746973607008,-0.520020999481146,0.33408488809696635,0.0,1.0,0.0,1.0
622,0.8122746973607008,-0.49400017191898926,-0.2754347014334971,0.0,1.0,0.0,1.0
623,-1.5841041815748111,0.15336758696596922,1.4007441697752774,1.0,0.0,1.0,0.0
624,-1.5841041815748111,3.6467633604618226,-0.0468648553595733,1.0,0.0,0.0,1.0
625,0.8122746973607008,-0.45230012774886624,-0.6563844448900367,1.0,0.0,0.0,1.0
626,0.8122746973607008,-0.4946775433681917,-0.351624650124805,0.0,1.0,0.0,0.0
627,0.8122746973607008,-0.5088331827525764,-0.0468648553595733,0.0,1.0,0.0,1.0
628,-0.3859147421070552,-0.4385696254001672,2.0864537079970487,1.0,0.0,0.0,1.0
629,0.8122746973607008,-0.4965428575391187,-0.6563844448900367,1.0,0.0,0.0,1.0
630,0.8122746973607008,-0.4915429205356961,-0.8087643422726526,0.0,1.0,0.0,1.0
631,-1.5841041815748111,1.7888229778332325,0.48646478547958216,0.0,1.0,0.0,1.0
632,-1.5841041815748111,0.7978529574319487,0.6388446828621981,1.0,0.0,1.0,0.0
633,0.8122746973607008,-0.5051025544107225,-0.08495982970522727,0.0,1.0,1.0,0.0
634,-0.3859147421070552,-0.3775451705170603,-0.12305480405088122,0.0,1.0,0.0,1.0
635,0.8122746973607008,-0.4589111103612028,-0.0468648553595733,0.0,1.0,0.0,1.0
636,0.8122746973607008,-0.3297426808586266,0.18170499071435048,0.0,1.0,0.0,1.0
637,-1.5841041815748111,1.019320874945224,-0.12305480405088122,0.0,1.0,1.0,0.0
638,0.8122746973607008,-0.4945087090430151,-0.08495982970522727,0.0,1.0,0.0,0.0
639,0.8122746973607008,0.49705324857063476,-0.2754347014334971,0.0,1.0,0.0,1.0
640,0.8122746973607008,-0.4945087090430151,-0.08495982970522727,0.0,1.0,0.0,0.0
641,0.8122746973607008,-0.4915429205356961,-0.0468648553595733,0.0,1.0,1.0,0.0
642,0.8122746973607008,-0.5051025544107225,-0.08495982970522727,1.0,0.0,1.0,0.0
643,-1.5841041815748111,0.5922351250003125,1.2483642723926613,0.0,1.0,0.0,1.0
644,-0.3859147421070552,-0.12327660850411516,-2.1039934700248875,0.0,1.0,0.0,1.0
645,0.8122746973607008,-0.16090835568203107,-0.42781459881611295,0.0,1.0,0.0,1.0
646,-0.3859147421070552,-0.3877159129975781,0.7912245802448139,1.0,0.0,0.0,1.0
647,0.8122746973607008,-0.3983951926021218,-1.8754236239509636,1.0,0.0,0.0,1.0
648,-0.3859147421070552,-0.4385696254001672,-0.0468648553595733,0.0,1.0,0.0,1.0
649,0.8122746973607008,-0.01597527533465233,0.715034631553506,0.0,1.0,0.0,1.0
650,-0.3859147421070552,-0.12327660850411516,-0.42781459881611295,1.0,0.0,0.0,1.0
651,0.8122746973607008,-0.4915429205356961,-0.08495982970522727,0.0,1.0,0.0,1.0
652,0.8122746973607008,-0.4949318119302047,-0.08495982970522727,0.0,1.0,0.0,0.0
653,0.8122746973607008,-0.4945087090430151,-0.08495982970522727,1.0,0.0,0.0,0.0
654,0.8122746973607008,-0.08462778707814753,1.1721743237013535,1.0,0.0,0.0,1.0
655,-0.3859147421070552,-0.4385696254001672,-0.12305480405088122,0.0,1.0,0.0,1.0
656,-1.5841041815748111,0.06996749862572317,2.0102637593057406,0.0,1.0,1.0,0.0
657,0.8122746973607008,-0.08462778707814753,-1.494473880494424,0.0,1.0,0.0,1.0
658,0.8122746973607008,-0.13412472243383547,-0.08495982970522727,1.0,0.0,0.0,1.0
659,-1.5841041815748111,0.41687525144821674,1.3245542210839694,1.0,0.0,0.0,1.0
660,-1.5841041815748111,1.5630324947657372,-0.8849542909639605,0.0,1.0,1.0,0.0
661,0.8122746973607008,-0.4923891263100752,-0.5040045475074209,0.0,1.0,0.0,1.0
662,0.8122746973607008,-0.5051879886475588,0.029325093331734626,0.0,1.0,1.0,0.0
663,0.8122746973607008,-0.22345842193721557,-0.0468648553595733,1.0,0.0,0.0,1.0
664,0.8122746973607008,-0.4884062635547044,-0.08495982970522727,0.0,1.0,0.0,1.0
665,0.8122746973607008,-0.4452660422493401,-0.8087643422726526,0.0,1.0,0.0,1.0
666,-0.3859147421070552,-0.3877159129975781,0.18170499071435048,1.0,0.0,0.0,1.0
667,0.8122746973607008,-0.175147395154756,-0.08495982970522727,0.0,1.0,0.0,1.0
668,-1.5841041815748111,3.9760411482685867,-0.8849542909639605,1.0,0.0,1.0,0.0
669,-0.3859147421070552,-0.22498403330929323,0.33408488809696635,0.0,1.0,0.0,1.0
670,0.8122746973607008,-0.46450501872548755,-0.7325743935813447,0.0,1.0,0.0,1.0
671,0.8122746973607008,-0.4884062635547044,-0.08495982970522727,0.0,1.0,0.0,1.0
672,-0.3859147421070552,-0.08767900982230284,-1.8754236239509636,1.0,0.0,0.0,1.0
673,-1.5841041815748111,0.4056020004828108,-0.08495982970522727,0.0,1.0,0.0,1.0
674,0.8122746973607008,-0.4915429205356961,0.7912245802448139,0.0,1.0,0.0,1.0
675,-1.5841041815748111,0.42797763393995,-0.8087643422726526,0.0,1.0,0.0,1.0
676,0.8122746973607008,-0.3246573096183677,0.029325093331734626,0.0,1.0,0.0,1.0
677,-0.3859147421070552,-0.3877159129975781,0.33408488809696635,0.0,1.0,0.0,1.0
678,-0.3859147421070552,-0.11819123726385626,1.0197944263187377,0.0,1.0,0.0,1.0
679,-1.5841041815748111,-0.11208879177554557,1.4007441697752774,0.0,1.0,0.0,1.0
680,-0.3859147421070552,-0.3317768293547302,0.7912245802448139,1.0,0.0,0.0,1.0
681,-0.3859147421070552,-0.6521552174910411,-0.08495982970522727,0.0,1.0,0.0,1.0
682,0.8122746973607008,-0.4923891263100752,-0.8087643422726526,1.0,0.0,0.0,1.0
683,0.8122746973607008,0.3018604271815291,-2.180183418716195,0.0,1.0,0.0,1.0
684,-1.5841041815748111,-0.6521552174910411,0.715034631553506,0.0,1.0,0.0,1.0
685,0.8122746973607008,-0.49094894917483384,1.0959843750100455,0.0,1.0,0.0,1.0
686,-1.5841041815748111,-0.031739926179454904,1.9340738106144328,0.0,1.0,0.0,1.0
687,-0.3859147421070552,-0.3877159129975781,0.48646478547958216,0.0,1.0,0.0,1.0
688,0.8122746973607008,-0.4589111103612028,-0.42781459881611295,0.0,1.0,0.0,1.0
689,-1.5841041815748111,0.5058692481527476,0.029325093331734626,1.0,0.0,1.0,0.0
690,-1.5841041815748111,-0.13166747105054238,1.3245542210839694,0.0,1.0,0.0,1.0
691,0.8122746973607008,-0.50874774851574,-0.7325743935813447,0.0,1.0,0.0,1.0
692,0.8122746973607008,-0.49094894917483384,-0.7325743935813447,0.0,1.0,0.0,1.0
693,0.8122746973607008,-0.4690818528417206,1.3245542210839694,0.0,1.0,0.0,1.0
694,0.8122746973607008,-0.4915429205356961,-0.12305480405088122,1.0,0.0,0.0,1.0
695,-1.5841041815748111,2.1068275146745905,-0.5801944961987288,0.0,1.0,1.0,0.0
696,-1.5841041815748111,4.697655327261326,-0.5040045475074209,1.0,0.0,0.0,1.0
697,0.8122746973607008,-0.4945087090430151,-0.08495982970522727,0.0,1.0,0.0,0.0
698,-1.5841041815748111,-0.07242289610152612,1.2102692980470076,0.0,1.0,0.0,1.0
699,-1.5841041815748111,1.652026491470268,0.10551504202304256,1.0,0.0,1.0,0.0
700,-1.5841041815748111,-0.11208879177554557,2.0102637593057406,0.0,1.0,0.0,1.0
701,-0.3859147421070552,-0.040470491524731415,0.21979996506000443,0.0,1.0,1.0,0.0
702,-0.3859147421070552,0.6700413049762738,-0.42781459881611295,1.0,0.0,0.0,1.0
703,-0.3859147421070552,-0.12327660850411516,0.41027483678827426,0.0,1.0,0.0,1.0
704,-1.5841041815748111,-0.11742843157781739,0.41027483678827426,0.0,1.0,0.0,1.0
705,-0.3859147421070552,0.8429439271450765,-0.6563844448900367,0.0,1.0,0.0,1.0
706,0.8122746973607008,-0.49400017191898926,-0.08495982970522727,0.0,1.0,0.0,1.0
707,0.8122746973607008,-0.6521552174910411,-0.351624650124805,0.0,1.0,0.0,1.0
708,-1.5841041815748111,-0.12471678563935645,1.4007441697752774,1.0,0.0,0.0,1.0
709,0.8122746973607008,0.0470833280445581,-0.6563844448900367,1.0,0.0,0.0,1.0
710,0.8122746973607008,-0.4761159383412467,0.2578949394056584,0.0,1.0,0.0,1.0
